Account Executive  Acquisition (Staffing), https://www.indeed.jobs/career/JobDetail/Account-Executive-Acquisition-Staffing-/10893,  New York City
Account Manager  Franchise Sales, https://www.indeed.jobs/career/JobDetail/Account-Manager-Franchise-Sales/6137,  New York City
Analytical Lead, https://www.indeed.jobs/career/JobDetail/Analytical-Lead/10495,  New York City
Associate Program Manager  CS/Sales, https://www.indeed.jobs/career/JobDetail/Associate-Program-Manager-CS-Sales/9828,  New York City
Business Data Analyst, https://www.indeed.jobs/career/JobDetail/Business-Data-Analyst/9957,  New York City
Business Intelligence Developer, https://www.indeed.jobs/career/JobDetail/Business-Intelligence-Developer/6247,  New York City
Business Intelligence Manager, https://www.indeed.jobs/career/JobDetail/Business-Intelligence-Manager/6222,  New York City
Client Success Specialist, https://www.indeed.jobs/career/JobDetail/Client-Success-Specialist/6252,  New York City
Country Marketing Associate, https://www.indeed.jobs/career/JobDetail/Country-Marketing-Associate/11277,  New York City
Director  Capital Budgeting - Real Estate, https://www.indeed.jobs/career/JobDetail/Director-Capital-Budgeting-Real-Estate/10915,  New York City
Director  Global Benefits, https://www.indeed.jobs/career/JobDetail/Director-Global-Benefits/11264,  New York City
Diversity and Inclusion Manager, https://www.indeed.jobs/career/JobDetail/Diversity-and-Inclusion-Manager/11113,  New York City
FP&A Reporting Manager, https://www.indeed.jobs/career/JobDetail/FP-A-Reporting-Manager/8860,  New York City
Inside Sales Account Executive - Growth, https://www.indeed.jobs/career/JobDetail/Inside-Sales-Account-Executive-Growth/6136,  New York City
Inside Sales Account Executive- Acquisition, https://www.indeed.jobs/career/JobDetail/Inside-Sales-Account-Executive-Acquisition/6135,  New York City
IT AV Specialist, https://www.indeed.jobs/career/JobDetail/IT-AV-Specialist/8277,  New York City
IT Shoretel Specialist, https://www.indeed.jobs/career/JobDetail/IT-Shoretel-Specialist/8276,  New York City
IT Systems Administrator - New York, https://www.indeed.jobs/career/JobDetail/IT-Systems-Administrator-New-York/9129,  New York City
Java Manager - Remote - Remote, https://www.indeed.jobs/career/JobDetail/Java-Manager-Remote/10199,  US
Manager  Sales Analysis, https://www.indeed.jobs/career/JobDetail/Manager-Sales-Analysis/10407,  New York City
Account Executive  Acquisition (Inside Sales) - Austin, https://www.indeed.jobs/career/JobDetail/Account-Executive-Acquisition-Inside-Sales-/6141,  Downtown
Account Executive  Bilingual Spanish - Austin, https://www.indeed.jobs/career/JobDetail/Account-Executive-Bilingual-Spanish/10000,  Downtown
Account Executive  Growth (Inside Sales) - Austin, https://www.indeed.jobs/career/JobDetail/Account-Executive-Growth-Inside-Sales-/6142,  Downtown
Administrative Coordinator - Search Quality, https://www.indeed.jobs/career/JobDetail/Administrative-Coordinator-Search-Quality/9829,  Austin
Aggregation Data Maintenance Associate, https://www.indeed.jobs/career/JobDetail/Aggregation-Data-Maintenance-Associate/8209,  Austin
Associate Marketing Manager  Indeed Experience (Recruiter), https://www.indeed.jobs/career/JobDetail/Associate-Marketing-Manager-Indeed-Experience-Recruiter-/11049,  Austin
Associate Marketing Manager  International Lifecycle, https://www.indeed.jobs/career/JobDetail/Associate-Marketing-Manager-International-Lifecycle/11050,  Austin
Associate Program Manager  Business Automation, https://www.indeed.jobs/career/JobDetail/Associate-Program-Manager-Business-Automation/9738,  Austin
Associate Program Manager  Business Automation, https://www.indeed.jobs/career/JobDetail/Associate-Program-Manager-Business-Automation/10582,  Austin
Associate Program Manager  Business Intelligence, https://www.indeed.jobs/career/JobDetail/Associate-Program-Manager-Business-Intelligence/10177,  Austin
Associate Program Manager  Engineering Capabilities, https://www.indeed.jobs/career/JobDetail/Associate-Program-Manager-Engineering-Capabilities/11169,  Austin
Bot Detection Program Manager, https://www.indeed.jobs/career/JobDetail/Bot-Detection-Program-Manager/10150,  Austin
Brand Strategy Director, https://www.indeed.jobs/career/JobDetail/Brand-Strategy-Director/5652,  Austin
Business Analyst, https://www.indeed.jobs/career/JobDetail/Business-Analyst/10969,  Austin
Business Intelligence Analyst, https://www.indeed.jobs/career/JobDetail/Business-Intelligence-Analyst/6173,  Austin
Business Intelligence Analyst - Assessments, https://www.indeed.jobs/career/JobDetail/Business-Intelligence-Analyst-Assessments/7226,  Austin
Business Intelligence Developer, https://www.indeed.jobs/career/JobDetail/Business-Intelligence-Developer/6246,  Austin
Business Intelligence Manager, https://www.indeed.jobs/career/JobDetail/Business-Intelligence-Manager/9198,  Austin
Business Operations Marketing Producer - Austin, https://www.indeed.jobs/career/JobDetail/Business-Operations-Marketing-Producer/10810,  Downtown
Buyer II, https://www.indeed.jobs/career/JobDetail/Buyer-II/11118,  Austin
Buyer, https://www.indeed.jobs/career/JobDetail/Buyer/11076,  Hyderabad
Data Science Manager, https://www.indeed.jobs/career/JobDetail/Data-Science-Manager/9859,  Hyderabad
Engineering Manager, https://www.indeed.jobs/career/JobDetail/Engineering-Manager/6455,  Hyderabad
Engineering Manager  Site Reliability Engineering, https://www.indeed.jobs/career/JobDetail/Engineering-Manager-Site-Reliability-Engineering/4759,  Hyderabad
HR Coordinator, https://www.indeed.jobs/career/JobDetail/HR-Coordinator/7706,  Hyderabad
Manager  Quality Assurance Engineering, https://www.indeed.jobs/career/JobDetail/Manager-Quality-Assurance-Engineering/11218,  Hyderabad
Product Manager, https://www.indeed.jobs/career/JobDetail/Product-Manager/7665,  Hyderabad
Product Manager, https://www.indeed.jobs/career/JobDetail/Product-Manager/7590,  Hyderabad
Senior Software Engineer, https://www.indeed.jobs/career/JobDetail/Senior-Software-Engineer/6518,  Hyderabad
Site Reliability Engineer, https://www.indeed.jobs/career/JobDetail/Site-Reliability-Engineer/4749,  Hyderabad
Systems Engineer  Site Reliability Engineering, https://www.indeed.jobs/career/JobDetail/Systems-Engineer-Site-Reliability-Engineering/4760,  Hyderabad
Technical Program Manager, https://www.indeed.jobs/career/JobDetail/Technical-Program-Manager/6563,  Hyderabad
Account Executive - Schweizer Markt (m/w), https://www.indeed.jobs/career/JobDetail/Account-Executive-Schweizer-Markt-m-w-/5114,  Düsseldorf
Account Manager (m/w) für Bestandskunden B2B, https://www.indeed.jobs/career/JobDetail/Account-Manager-m-w-f-r-Bestandskunden-B2B/9164,  Düsseldorf
Client Success Manager  Agencies (m/w), https://www.indeed.jobs/career/JobDetail/Client-Success-Manager-Agencies-m-w-/10518,  Düsseldorf
Content Marketing Associate DACH (m/w), https://www.indeed.jobs/career/JobDetail/Content-Marketing-Associate-DACH-m-w-/8375,  Düsseldorf
Director (m/w) of Mid-Market Accounts - (KMU), https://www.indeed.jobs/career/JobDetail/Director-m-w-of-Mid-Market-Accounts-KMU-/10553,  Düsseldorf
Director (m/w) of Mid-Market Accounts - Deutschschweiz (KMU), https://www.indeed.jobs/career/JobDetail/Director-m-w-of-Mid-Market-Accounts-Deutschschweiz-KMU-/10554,  Düsseldorf
IT Support Specialist (M/W), https://www.indeed.jobs/career/JobDetail/IT-Support-Specialist-M-W-/10303,  Düsseldorf
Mitarbeiter Vertrieb (m/w), https://www.indeed.jobs/career/JobDetail/Mitarbeiter-Vertrieb-m-w-/9499,  Düsseldorf
National Account Manager (m/w), https://www.indeed.jobs/career/JobDetail/National-Account-Manager-m-w-/6152,  Düsseldorf
Sales Support Analyst (m/w), https://www.indeed.jobs/career/JobDetail/Sales-Support-Analyst-m-w-/8510,  Düsseldorf
Sales Trainer (m/w), https://www.indeed.jobs/career/JobDetail/Sales-Trainer-m-w-/10985,  Düsseldorf
Senior Client Success Manager - National Accounts / Ad Agency (m/w), https://www.indeed.jobs/career/JobDetail/Senior-Client-Success-Manager-National-Accounts-Ad-Agency-m-w-/9467,  Düsseldorf
Senior Sales Analyst (m/w), https://www.indeed.jobs/career/JobDetail/Senior-Sales-Analyst-m-w-/8662,  Düsseldorf
Sourcer (m/w), https://www.indeed.jobs/career/JobDetail/Sourcer-m-w-/6979,  Düsseldorf
Vertriebsinnendienst B2B - Absolvent (m/w), https://www.indeed.jobs/career/JobDetail/Vertriebsinnendienst-B2B-Absolvent-m-w-/9163,  Düsseldorf
Vertriebsinnendienst Mitarbeiter (m/w) für Neukunden B2B, https://www.indeed.jobs/career/JobDetail/Vertriebsinnendienst-Mitarbeiter-m-w-f-r-Neukunden-B2B/6154,  Düsseldorf
Vertriebsinnendienst Mitarbeiter (m/w) für Neukunden B2B - Standort Dublin, https://www.indeed.jobs/career/JobDetail/Vertriebsinnendienst-Mitarbeiter-m-w-f-r-Neukunden-B2B-Standort-Dublin/9395,  Düsseldorf
Director of Marketing  France (H/F), https://www.indeed.jobs/career/JobDetail/Director-of-Marketing-France-H-F-/11357,  Paris
Responsable Grands Comptes, https://www.indeed.jobs/career/JobDetail/Responsable-Grands-Comptes/746,  Paris
Senior Client Success Specialist  NA/Agencies (French), https://www.indeed.jobs/career/JobDetail/Senior-Client-Success-Specialist-NA-Agencies-French-/7525,  Paris
Strategic Client Manager - French Market - H/F, https://www.indeed.jobs/career/JobDetail/Strategic-Client-Manager-French-Market-H-F/6159,  Paris
Technicien Support Informatique (H/F), https://www.indeed.jobs/career/JobDetail/Technicien-Support-Informatique-H-F-/9516,  Paris
Account Executive - (Italian Market), https://www.indeed.jobs/career/JobDetail/Account-Executive-Italian-Market-/10157,  Dublin
Account Executive - French Market, https://www.indeed.jobs/career/JobDetail/Account-Executive-French-Market/6158,  Dublin
Account Executive - French Speaker - Relocating to Dublin, https://www.indeed.jobs/career/JobDetail/Account-Executive-French-Speaker-Relocating-to-Dublin/6002,  Dublin
Account Executive - German market, https://www.indeed.jobs/career/JobDetail/Account-Executive-German-market/6155,  Dublin
Account Executive (Benelux market) - Dutch speaker, https://www.indeed.jobs/career/JobDetail/Account-Executive-Benelux-market-Dutch-speaker/6151,  Dublin
Account Executive (Nordic Market - Swedish Speaker), https://www.indeed.jobs/career/JobDetail/Account-Executive-Nordic-Market-Swedish-Speaker-/7861,  Dublin
Account Executive (Spanish Market), https://www.indeed.jobs/career/JobDetail/Account-Executive-Spanish-Market-/11256,  Dublin
Account Executive  Growth, https://www.indeed.jobs/career/JobDetail/Account-Executive-Growth/10023,  Dublin
Account Executive  Media Agencies (Swedish Speaker), https://www.indeed.jobs/career/JobDetail/Account-Executive-Media-Agencies-Swedish-Speaker-/9392,  Dublin
Account Manager - French Speaker, https://www.indeed.jobs/career/JobDetail/Account-Manager-French-Speaker/7634,  Dublin
Account Specialist  Client Onboarding (Benelux), https://www.indeed.jobs/career/JobDetail/Account-Specialist-Client-Onboarding-Benelux-/9621,  Dublin
Account Strategist  Client Onboarding (DACH), https://www.indeed.jobs/career/JobDetail/Account-Strategist-Client-Onboarding-DACH-/9915,  Dublin
Account Strategist  Client Onboarding (Dutch), https://www.indeed.jobs/career/JobDetail/Account-Strategist-Client-Onboarding-Dutch-/9916,  Dublin
Accounts Receivable Specialist (German Speaking), https://www.indeed.jobs/career/JobDetail/Accounts-Receivable-Specialist-German-Speaking-/11247,  Dublin
Alliances Associate, https://www.indeed.jobs/career/JobDetail/Alliances-Associate/10652,  Dublin
Business Analyst, https://www.indeed.jobs/career/JobDetail/Business-Analyst/10704,  Dublin
Business Analyst (Process), https://www.indeed.jobs/career/JobDetail/Business-Analyst-Process-/9382,  Dublin
Business Intelligence Analyst, https://www.indeed.jobs/career/JobDetail/Business-Intelligence-Analyst/6171,  Dublin
Client Success Manager  Agency (French), https://www.indeed.jobs/career/JobDetail/Client-Success-Manager-Agency-French-/11250,  Dublin
Client Success Specialist  Agency (French), https://www.indeed.jobs/career/JobDetail/Client-Success-Specialist-Agency-French-/10707,  Dublin
Client Success Specialist, https://www.indeed.jobs/career/JobDetail/Client-Success-Specialist/6160,  San Mateo
Client Success Specialist  Ad Agencies, https://www.indeed.jobs/career/JobDetail/Client-Success-Specialist-Ad-Agencies/9937,  San Mateo
Client Success Specialist  Shared, https://www.indeed.jobs/career/JobDetail/Client-Success-Specialist-Shared/11263,  San Mateo
Java Manager - Remote - Remote, https://www.indeed.jobs/career/JobDetail/Java-Manager-Remote/10199,  US
Office Manager, https://www.indeed.jobs/career/JobDetail/Office-Manager/9459,  San Mateo
Senior Java Engineer - Remote - Remote, https://www.indeed.jobs/career/JobDetail/Senior-Java-Engineer-Remote/10224,  US
Senior React/JS Engineer - Remote - Remote, https://www.indeed.jobs/career/JobDetail/Senior-React-JS-Engineer-Remote/10414,  US
Senior Ruby on Rails Engineer - Remote - Remote, https://www.indeed.jobs/career/JobDetail/Senior-Ruby-on-Rails-Engineer-Remote/9412,  US
Software Engineer Content Developer - Remote - Remote, https://www.indeed.jobs/career/JobDetail/Software-Engineer-Content-Developer-Remote/8171,  US
Associate Program Manager  UX, https://www.indeed.jobs/career/JobDetail/Associate-Program-Manager-UX/9365,  Seattle
Data Engineer, https://www.indeed.jobs/career/JobDetail/Data-Engineer/11230,  Seattle
Data Scientist, https://www.indeed.jobs/career/JobDetail/Data-Scientist/6269,  Seattle
Design Technologist, https://www.indeed.jobs/career/JobDetail/Design-Technologist/8873,  Seattle
Front End Software Engineer, https://www.indeed.jobs/career/JobDetail/Front-End-Software-Engineer/7973,  Seattle
Java Manager - Remote - Remote, https://www.indeed.jobs/career/JobDetail/Java-Manager-Remote/10199,  US
National Account Manager - Staffing (Seattle), https://www.indeed.jobs/career/JobDetail/National-Account-Manager-Staffing-Seattle-/11162,  Seattle
Office Manager, https://www.indeed.jobs/career/JobDetail/Office-Manager/8077,  Seattle
Product Director - ATS, https://www.indeed.jobs/career/JobDetail/Product-Director-ATS/10064,  Seattle
Product Director - Product Platforms, https://www.indeed.jobs/career/JobDetail/Product-Director-Product-Platforms/8811,  Seattle
Product Manager, https://www.indeed.jobs/career/JobDetail/Product-Manager/8677,  Seattle
Product Scientist, https://www.indeed.jobs/career/JobDetail/Product-Scientist/8044,  Seattle
Senior Data Scientist, https://www.indeed.jobs/career/JobDetail/Senior-Data-Scientist/10449,  Seattle
Senior Java Engineer - Remote - Remote, https://www.indeed.jobs/career/JobDetail/Senior-Java-Engineer-Remote/10224,  US
Senior Product Manager, https://www.indeed.jobs/career/JobDetail/Senior-Product-Manager/8678,  Seattle
Senior React/JS Engineer - Remote - Remote, https://www.indeed.jobs/career/JobDetail/Senior-React-JS-Engineer-Remote/10414,  US
Senior Ruby on Rails Engineer - Remote - Remote, https://www.indeed.jobs/career/JobDetail/Senior-Ruby-on-Rails-Engineer-Remote/9412,  US
Senior Software Engineer, https://www.indeed.jobs/career/JobDetail/Senior-Software-Engineer/6263,  Seattle
Senior Software Engineer - Geolocation, https://www.indeed.jobs/career/JobDetail/Senior-Software-Engineer-Geolocation/10431,  Seattle
Senior UI Designer, https://www.indeed.jobs/career/JobDetail/Senior-UI-Designer/10663,  Seattle
APAC Manager  Learning Experience Facilitation, https://www.indeed.jobs/career/JobDetail/APAC-Manager-Learning-Experience-Facilitation/9564,  Tokyo Tech Ebisu
Bilingual - Recruiter, https://www.indeed.jobs/career/JobDetail/Bilingual-Recruiter/7015,  Tokyo Sales/CS
Bilingual Accounts Payable specialist (経理担当), https://www.indeed.jobs/career/JobDetail/Bilingual-Accounts-Payable-specialist-/7874,  Tokyo Sales/CS
Bilingual Client Success Specialist - Japanese and English, https://www.indeed.jobs/career/JobDetail/Bilingual-Client-Success-Specialist-Japanese-and-English/7266,  Tokyo Sales/CS
Bilingual Sales Support Analyst, https://www.indeed.jobs/career/JobDetail/Bilingual-Sales-Support-Analyst/9250,  Tokyo Sales/CS
Business Intelligence Developer, https://www.indeed.jobs/career/JobDetail/Business-Intelligence-Developer/5716,  Tokyo Tech Ebisu
Content Acquisition Senior Manager, https://www.indeed.jobs/career/JobDetail/Content-Acquisition-Senior-Manager/11237,  Tokyo Sales/CS
Content Localization Specialist, https://www.indeed.jobs/career/JobDetail/Content-Localization-Specialist/11415,  Tokyo Tech Ebisu
Content Strategist, https://www.indeed.jobs/career/JobDetail/Content-Strategist/8011,  Tokyo Tech Ebisu
Data Scientist, https://www.indeed.jobs/career/JobDetail/Data-Scientist/6420,  Tokyo Tech Ebisu
Engineering Manager, https://www.indeed.jobs/career/JobDetail/Engineering-Manager/6841,  Tokyo Tech Ebisu
Engineering Manager - Search, https://www.indeed.jobs/career/JobDetail/Engineering-Manager-Search/9702,  Tokyo Tech Ebisu
Front-end Engineering Manager, https://www.indeed.jobs/career/JobDetail/Front-end-Engineering-Manager/9816,  Tokyo Tech Ebisu
Full-Stack Software Engineer, https://www.indeed.jobs/career/JobDetail/Full-Stack-Software-Engineer/6840,  Tokyo Tech Ebisu
HR Business Partner, https://www.indeed.jobs/career/JobDetail/HR-Business-Partner/10370,  Tokyo Sales/CS
HR Coordinator, https://www.indeed.jobs/career/JobDetail/HR-Coordinator/10371,  Tokyo Sales/CS
International Search Quality Operations Analyst, https://www.indeed.jobs/career/JobDetail/International-Search-Quality-Operations-Analyst/10894,  Tokyo Tech Ebisu
IT Compliance Analyst, https://www.indeed.jobs/career/JobDetail/IT-Compliance-Analyst/6821,  Tokyo Tech Ebisu
IT Support Specialist, https://www.indeed.jobs/career/JobDetail/IT-Support-Specialist/10594,  Tokyo Tech Meguro
IT Support Specialist, https://www.indeed.jobs/career/JobDetail/IT-Support-Specialist/10595,  Tokyo Tech Ebisu
Business Development Executive - Job Boards, https://www.indeed.jobs/career/JobDetail/Business-Development-Executive-Job-Boards/10022,  Singapore
Client Success Specialist, https://www.indeed.jobs/career/JobDetail/Client-Success-Specialist/11300,  Singapore
Data Science Manager, https://www.indeed.jobs/career/JobDetail/Data-Science-Manager/11373,  Singapore
Employer Branding Program Manager, https://www.indeed.jobs/career/JobDetail/Employer-Branding-Program-Manager/11181,  Singapore
Engineering Manager, https://www.indeed.jobs/career/JobDetail/Engineering-Manager/7542,  Singapore
Full-Stack Software Engineer, https://www.indeed.jobs/career/JobDetail/Full-Stack-Software-Engineer/7543,  Singapore
International Operations Analyst - Malaysia Market, https://www.indeed.jobs/career/JobDetail/International-Operations-Analyst-Malaysia-Market/7712,  Singapore
Product Manager, https://www.indeed.jobs/career/JobDetail/Product-Manager/10230,  Singapore
Quality Assurance Automation Engineer, https://www.indeed.jobs/career/JobDetail/Quality-Assurance-Automation-Engineer/7834,  Singapore
Quality Assurance Engineer, https://www.indeed.jobs/career/JobDetail/Quality-Assurance-Engineer/7743,  Singapore
Senior International Operations Analyst - Indonesia Market, https://www.indeed.jobs/career/JobDetail/Senior-International-Operations-Analyst-Indonesia-Market/7714,  Singapore
Technical Recruiter, https://www.indeed.jobs/career/JobDetail/Technical-Recruiter/7001,  Singapore
Account Executive, https://www.indeed.jobs/career/JobDetail/Account-Executive/10598,  London
Account Manager, https://www.indeed.jobs/career/JobDetail/Account-Manager/10795,  London
Director of Marketing  UK, https://www.indeed.jobs/career/JobDetail/Director-of-Marketing-UK/11358,  London
Enterprise Sales Manager, https://www.indeed.jobs/career/JobDetail/Enterprise-Sales-Manager/10331,  London
National Account Manager, https://www.indeed.jobs/career/JobDetail/National-Account-Manager/6156,  London
National Account Manager- Agency, https://www.indeed.jobs/career/JobDetail/National-Account-Manager-Agency/8761,  London
Recruiter, https://www.indeed.jobs/career/JobDetail/Recruiter/9689,  London
Senior Client Success Specialist  NA/Ag, https://www.indeed.jobs/career/JobDetail/Senior-Client-Success-Specialist-NA-Ag/11010,  London
Inside Sales Executive, https://www.indeed.jobs/career/JobDetail/Inside-Sales-Executive/11075,  Bangalore
International Strategy & Operations Associate, https://www.indeed.jobs/career/JobDetail/International-Strategy-Operations-Associate/8310,  Bangalore
National Account Manager, https://www.indeed.jobs/career/JobDetail/National-Account-Manager/6836,  Bangalore
Receptionist (Office Coordinator), https://www.indeed.jobs/career/JobDetail/Receptionist-Office-Coordinator-/10876,  Bangalore
Sales Support Specialist, https://www.indeed.jobs/career/JobDetail/Sales-Support-Specialist/10875,  Bangalore
Strategist, https://www.indeed.jobs/career/JobDetail/Strategist/10877,  Bangalore
Android Engineer, https://www.indeed.jobs/career/JobDetail/Android-Engineer/5511,  San Francisco
Digital Marketing Manager  Job Alerts, https://www.indeed.jobs/career/JobDetail/Digital-Marketing-Manager-Job-Alerts/11166,  San Francisco
Director  Engineering - Mobile App, https://www.indeed.jobs/career/JobDetail/Director-Engineering-Mobile-App/10974,  San Francisco
International Sales Manager, https://www.indeed.jobs/career/JobDetail/International-Sales-Manager/10990,  San Francisco
iOS Engineer, https://www.indeed.jobs/career/JobDetail/iOS-Engineer/11009,  San Francisco
Java Manager - Remote - Remote, https://www.indeed.jobs/career/JobDetail/Java-Manager-Remote/10199,  US
Manager  Software Engineering, https://www.indeed.jobs/career/JobDetail/Manager-Software-Engineering/6264,  San Francisco
Product Manager, https://www.indeed.jobs/career/JobDetail/Product-Manager/8681,  San Francisco
Product Science Leader, https://www.indeed.jobs/career/JobDetail/Product-Science-Leader/8178,  San Francisco
Program Manager  Job Seeker, https://www.indeed.jobs/career/JobDetail/Program-Manager-Job-Seeker/8723,  San Francisco
Quality Assurance Automation Engineer, https://www.indeed.jobs/career/JobDetail/Quality-Assurance-Automation-Engineer/7667,  San Francisco
Quality Assurance Manager, https://www.indeed.jobs/career/JobDetail/Quality-Assurance-Manager/7813,  San Francisco
Quantitative UX Researcher, https://www.indeed.jobs/career/JobDetail/Quantitative-UX-Researcher/7929,  San Francisco
Recruitment Evangelist  West (Majors Team), https://www.indeed.jobs/career/JobDetail/Recruitment-Evangelist-West-Majors-Team-/11262,  San Francisco
Senior Java Engineer - Remote - Remote, https://www.indeed.jobs/career/JobDetail/Senior-Java-Engineer-Remote/10224,  US
Senior Product Manager, https://www.indeed.jobs/career/JobDetail/Senior-Product-Manager/8682,  San Francisco
Senior React/JS Engineer - Remote - Remote, https://www.indeed.jobs/career/JobDetail/Senior-React-JS-Engineer-Remote/10414,  US
Senior Ruby on Rails Engineer - Remote - Remote, https://www.indeed.jobs/career/JobDetail/Senior-Ruby-on-Rails-Engineer-Remote/9412,  US
Senior Software Engineer, https://www.indeed.jobs/career/JobDetail/Senior-Software-Engineer/6262,  San Francisco
Senior Software Engineer - Job Spotter, https://www.indeed.jobs/career/JobDetail/Senior-Software-Engineer-Job-Spotter/9674,  San Francisco
Manager  Sales Support Analysts, https://www.indeed.jobs/career/JobDetail/Manager-Sales-Support-Analysts/10766,  New York City
Marketing Manager  DCA, https://www.indeed.jobs/career/JobDetail/Marketing-Manager-DCA/10609,  New York City
National Account Manager - Staffing, https://www.indeed.jobs/career/JobDetail/National-Account-Manager-Staffing/11154,  New York City
Real Estate Financial Analyst, https://www.indeed.jobs/career/JobDetail/Real-Estate-Financial-Analyst/10176,  New York City
Real Estate IT Project Manager, https://www.indeed.jobs/career/JobDetail/Real-Estate-IT-Project-Manager/10433,  New York City
Real Estate IT Project Manager Lead, https://www.indeed.jobs/career/JobDetail/Real-Estate-IT-Project-Manager-Lead/10432,  New York City
Recruitment Evangelist  NYC Metro, https://www.indeed.jobs/career/JobDetail/Recruitment-Evangelist-NYC-Metro/10246,  New York City
Sales Strategist, https://www.indeed.jobs/career/JobDetail/Sales-Strategist/9994,  New York City
Sales Support Analyst, https://www.indeed.jobs/career/JobDetail/Sales-Support-Analyst/10988,  New York City
Sales Support Strategist, https://www.indeed.jobs/career/JobDetail/Sales-Support-Strategist/10494,  New York City
Sales Trainer, https://www.indeed.jobs/career/JobDetail/Sales-Trainer/10844,  New York City
Senior Client Success Specialist  Enterprise Strategy, https://www.indeed.jobs/career/JobDetail/Senior-Client-Success-Specialist-Enterprise-Strategy/10505,  New York City
Senior Client Success Specialist  National Accounts, https://www.indeed.jobs/career/JobDetail/Senior-Client-Success-Specialist-National-Accounts/10801,  New York City
Senior Java Engineer - Remote - Remote, https://www.indeed.jobs/career/JobDetail/Senior-Java-Engineer-Remote/10224,  US
Senior React/JS Engineer - Remote - Remote, https://www.indeed.jobs/career/JobDetail/Senior-React-JS-Engineer-Remote/10414,  US
Senior Ruby on Rails Engineer - Remote - Remote, https://www.indeed.jobs/career/JobDetail/Senior-Ruby-on-Rails-Engineer-Remote/9412,  US
Senior Sales Analyst, https://www.indeed.jobs/career/JobDetail/Senior-Sales-Analyst/10402,  New York City
Software Engineer Content Developer - Remote - Remote, https://www.indeed.jobs/career/JobDetail/Software-Engineer-Content-Developer-Remote/8171,  US
Client Success Specialist - Austin, https://www.indeed.jobs/career/JobDetail/Client-Success-Specialist/6251,  Downtown
Content Acquisition Lead  LATAM - BPO Management, https://www.indeed.jobs/career/JobDetail/Content-Acquisition-Lead-LATAM-BPO-Management/11322,  Austin
Content Acquisition Lead  US - BPO Management, https://www.indeed.jobs/career/JobDetail/Content-Acquisition-Lead-US-BPO-Management/11294,  Austin
Content Operations Associate, https://www.indeed.jobs/career/JobDetail/Content-Operations-Associate/10926,  Austin
Content Operations Associate - CH/AT, https://www.indeed.jobs/career/JobDetail/Content-Operations-Associate-CH-AT/10929,  Austin
Content Operations Associate - India, https://www.indeed.jobs/career/JobDetail/Content-Operations-Associate-India/10927,  Austin
Content Operations Manager - Americas, https://www.indeed.jobs/career/JobDetail/Content-Operations-Manager-Americas/11317,  Austin
Contracts Manager, https://www.indeed.jobs/career/JobDetail/Contracts-Manager/11386,  Austin
Core Services - Systems Engineer - Cloud, https://www.indeed.jobs/career/JobDetail/Core-Services-Systems-Engineer-Cloud/8390,  Austin
Core Services - Systems Engineer - Release Engineering, https://www.indeed.jobs/career/JobDetail/Core-Services-Systems-Engineer-Release-Engineering/10507,  Austin
Data Coordinator, https://www.indeed.jobs/career/JobDetail/Data-Coordinator/7225,  Austin
Data Engineer, https://www.indeed.jobs/career/JobDetail/Data-Engineer/6245,  Austin
Data Science Leader, https://www.indeed.jobs/career/JobDetail/Data-Science-Leader/8174,  Austin
Digital Marketing Manager, https://www.indeed.jobs/career/JobDetail/Digital-Marketing-Manager/9659,  Austin
Director of HR Analytics, https://www.indeed.jobs/career/JobDetail/Director-of-HR-Analytics/10232,  Austin
Director of Marketing  Prime, https://www.indeed.jobs/career/JobDetail/Director-of-Marketing-Prime/9928,  Austin
Director- New Product Commercialization, https://www.indeed.jobs/career/JobDetail/Director-New-Product-Commercialization/7651,  Austin
Director  Sales - Austin, https://www.indeed.jobs/career/JobDetail/Director-Sales/9192,  Downtown
Experimentation Lead - Data Science, https://www.indeed.jobs/career/JobDetail/Experimentation-Lead-Data-Science/11365,  Austin
Financial Modeling Associate  FP&A, https://www.indeed.jobs/career/JobDetail/Financial-Modeling-Associate-FP-A/11064,  Austin
Business Intelligence Analyst, https://www.indeed.jobs/career/JobDetail/Business-Intelligence-Analyst/10673,  Stamford
Business Intelligence Analyst, https://www.indeed.jobs/career/JobDetail/Business-Intelligence-Analyst/6248,  Stamford
Client Onboarding Strategist  Inside Sales, https://www.indeed.jobs/career/JobDetail/Client-Onboarding-Strategist-Inside-Sales/6146,  Stamford
Client Success Specialist  Ad Agencies, https://www.indeed.jobs/career/JobDetail/Client-Success-Specialist-Ad-Agencies/6255,  Stamford
Client Success Specialist  Shared, https://www.indeed.jobs/career/JobDetail/Client-Success-Specialist-Shared/10887,  Stamford
Java Manager - Remote - Remote, https://www.indeed.jobs/career/JobDetail/Java-Manager-Remote/10199,  US
National Account Manager - Staffing, https://www.indeed.jobs/career/JobDetail/National-Account-Manager-Staffing/11153,  Stamford
Senior Client Success Specialist  National Accounts, https://www.indeed.jobs/career/JobDetail/Senior-Client-Success-Specialist-National-Accounts/6258,  Stamford
Senior Java Engineer - Remote - Remote, https://www.indeed.jobs/career/JobDetail/Senior-Java-Engineer-Remote/10224,  US
Senior React/JS Engineer - Remote - Remote, https://www.indeed.jobs/career/JobDetail/Senior-React-JS-Engineer-Remote/10414,  US
Senior Ruby on Rails Engineer - Remote - Remote, https://www.indeed.jobs/career/JobDetail/Senior-Ruby-on-Rails-Engineer-Remote/9412,  US
Software Engineer Content Developer - Remote - Remote, https://www.indeed.jobs/career/JobDetail/Software-Engineer-Content-Developer-Remote/8171,  US
Client Onboarding Strategist  Inside Sales, https://www.indeed.jobs/career/JobDetail/Client-Onboarding-Strategist-Inside-Sales/6147,  Scottsdale
Java Manager - Remote - Remote, https://www.indeed.jobs/career/JobDetail/Java-Manager-Remote/10199,  US
Payroll Specialist, https://www.indeed.jobs/career/JobDetail/Payroll-Specialist/11356,  Scottsdale
Senior Java Engineer - Remote - Remote, https://www.indeed.jobs/career/JobDetail/Senior-Java-Engineer-Remote/10224,  US
Senior React/JS Engineer - Remote - Remote, https://www.indeed.jobs/career/JobDetail/Senior-React-JS-Engineer-Remote/10414,  US
Senior Ruby on Rails Engineer - Remote - Remote, https://www.indeed.jobs/career/JobDetail/Senior-Ruby-on-Rails-Engineer-Remote/9412,  US
Software Engineer Content Developer - Remote - Remote, https://www.indeed.jobs/career/JobDetail/Software-Engineer-Content-Developer-Remote/8171,  US
Advertising Sales Representative, https://www.indeed.jobs/career/JobDetail/Advertising-Sales-Representative/8002,  Sydney
Customer Support Associate, https://www.indeed.jobs/career/JobDetail/Customer-Support-Associate/7657,  Sydney
Customer Support Associate - Tagalog Speaking, https://www.indeed.jobs/career/JobDetail/Customer-Support-Associate-Tagalog-Speaking/8306,  Sydney
Customer Support Specialist- Shared Services, https://www.indeed.jobs/career/JobDetail/Customer-Support-Specialist-Shared-Services/10691,  Sydney
Director of Enterprise Sales, https://www.indeed.jobs/career/JobDetail/Director-of-Enterprise-Sales/9705,  Sydney
Marketing Director  Sydney, https://www.indeed.jobs/career/JobDetail/Marketing-Director-Sydney/10068,  Sydney
Outbound Customer Service Representative, https://www.indeed.jobs/career/JobDetail/Outbound-Customer-Service-Representative/8313,  Sydney
Outbound Customer Service Team Lead, https://www.indeed.jobs/career/JobDetail/Outbound-Customer-Service-Team-Lead/7903,  Sydney
Sales Representatives - Graduates, https://www.indeed.jobs/career/JobDetail/Sales-Representatives-Graduates/9186,  Sydney
Account Manager (m/w) B2B Neukundengewinnung in Düsseldorf, https://www.indeed.jobs/career/JobDetail/Account-Manager-m-w-B2B-Neukundengewinnung-in-D-sseldorf/7859,  Zürich
Account Manager, https://www.indeed.jobs/career/JobDetail/Account-Manager/6149,  Brussels
Accountmanager Binnendienst, https://www.indeed.jobs/career/JobDetail/Accountmanager-Binnendienst/7887,  Brussels
Director of Mid-Market Accounts (m/v), https://www.indeed.jobs/career/JobDetail/Director-of-Mid-Market-Accounts-m-v-/8294,  Brussels
Recruiter (m/v), https://www.indeed.jobs/career/JobDetail/Recruiter-m-v-/9498,  Brussels
Senior Client Success Specialist  National Accounts & Agencies (Brussels), https://www.indeed.jobs/career/JobDetail/Senior-Client-Success-Specialist-National-Accounts-Agencies-Brussels-/10090,  Brussels
Account Executive - Bilingual in English/Portuguese, https://www.indeed.jobs/career/JobDetail/Account-Executive-Bilingual-in-English-Portuguese/11394,  São Paulo
Account Executive  Inside Sales, https://www.indeed.jobs/career/JobDetail/Account-Executive-Inside-Sales/6133,  Toronto
Client Success Specialist  Bilingual in French and English, https://www.indeed.jobs/career/JobDetail/Client-Success-Specialist-Bilingual-in-French-and-English/10215,  Toronto
Country Marketing Associate  Canada, https://www.indeed.jobs/career/JobDetail/Country-Marketing-Associate-Canada/10640,  Toronto
Director  Inside Sales - Acquisition, https://www.indeed.jobs/career/JobDetail/Director-Inside-Sales-Acquisition/11201,  Toronto
Full Stack React/JS Engineer - Remote, https://www.indeed.jobs/career/JobDetail/Full-Stack-React-JS-Engineer-Remote/9920,  Toronto
Manager  Client Success Contact Centre (Bilingual English & French), https://www.indeed.jobs/career/JobDetail/Manager-Client-Success-Contact-Centre-Bilingual-English-French-/10025,  Toronto
Sales Support Specialist, https://www.indeed.jobs/career/JobDetail/Sales-Support-Specialist/10968,  Toronto
Account Manager, https://www.indeed.jobs/career/JobDetail/Account-Manager/6148,  Amsterdam
Account Specialist  Client Onboarding (Benelux Market - Dutch Speaker - Relocation to Dublin), https://www.indeed.jobs/career/JobDetail/Account-Specialist-Client-Onboarding-Benelux-Market-Dutch-Speaker-Relocation-to-Dublin-/9609,  Amsterdam
Accountmanager Binnendienst, https://www.indeed.jobs/career/JobDetail/Accountmanager-Binnendienst/6150,  Amsterdam
Alliances Manager (Dutch), https://www.indeed.jobs/career/JobDetail/Alliances-Manager-Dutch-/10236,  Amsterdam
Client Success Manager, https://www.indeed.jobs/career/JobDetail/Client-Success-Manager/10263,  Amsterdam
Client Success Specialist  Inside Sales, https://www.indeed.jobs/career/JobDetail/Client-Success-Specialist-Inside-Sales/10947,  Amsterdam
Director of Marketing  Benelux, https://www.indeed.jobs/career/JobDetail/Director-of-Marketing-Benelux/11359,  Amsterdam
HR Coordinator, https://www.indeed.jobs/career/JobDetail/HR-Coordinator/10489,  Amsterdam
IT Support Specialist - Amsterdam, https://www.indeed.jobs/career/JobDetail/IT-Support-Specialist-Amsterdam/9090,  Amsterdam
New Product Sales Specialist, https://www.indeed.jobs/career/JobDetail/New-Product-Sales-Specialist/8602,  Amsterdam
Recruiter, https://www.indeed.jobs/career/JobDetail/Recruiter/9177,  Amsterdam
Sales Support Analyst, https://www.indeed.jobs/career/JobDetail/Sales-Support-Analyst/8509,  Amsterdam
Senior Client Success Specialist, https://www.indeed.jobs/career/JobDetail/Senior-Client-Success-Specialist/10524,  Amsterdam
Senior Client Success Specialist Agencies, https://www.indeed.jobs/career/JobDetail/Senior-Client-Success-Specialist-Agencies/10950,  Amsterdam
Senior UX Designer - Resume Search, https://www.indeed.jobs/career/JobDetail/Senior-UX-Designer-Resume-Search/10796,  Seattle
Senior Voice of Customer Specialist, https://www.indeed.jobs/career/JobDetail/Senior-Voice-of-Customer-Specialist/10850,  Seattle
Software Engineer Content Developer - Remote - Remote, https://www.indeed.jobs/career/JobDetail/Software-Engineer-Content-Developer-Remote/8171,  US
Software Engineer I, https://www.indeed.jobs/career/JobDetail/Software-Engineer-I/11319,  Seattle
Software Engineer  Site Reliability Engineer, https://www.indeed.jobs/career/JobDetail/Software-Engineer-Site-Reliability-Engineer/6620,  Seattle
Software Engineering Manager, https://www.indeed.jobs/career/JobDetail/Software-Engineering-Manager/6265,  Seattle
Sr. UX Designer, https://www.indeed.jobs/career/JobDetail/Sr-UX-Designer/9757,  Seattle
Technical Fellow, https://www.indeed.jobs/career/JobDetail/Technical-Fellow/8004,  Seattle
Technical Product Manager, https://www.indeed.jobs/career/JobDetail/Technical-Product-Manager/8679,  Seattle
Technical Recruiter, https://www.indeed.jobs/career/JobDetail/Technical-Recruiter/6999,  Seattle
Technical Sourcer, https://www.indeed.jobs/career/JobDetail/Technical-Sourcer/6987,  Seattle
UX Designer - Seattle, https://www.indeed.jobs/career/JobDetail/UX-Designer-Seattle/10216,  Seattle
UX Designer  Employer Products, https://www.indeed.jobs/career/JobDetail/UX-Designer-Employer-Products/7896,  Seattle
Client Success Specialist  Dedicated (Dutch), https://www.indeed.jobs/career/JobDetail/Client-Success-Specialist-Dedicated-Dutch-/10946,  Dublin
Client Success Specialist  Dedicated (German), https://www.indeed.jobs/career/JobDetail/Client-Success-Specialist-Dedicated-German-/10772,  Dublin
Client Success Specialist  Dedicated (UK/I), https://www.indeed.jobs/career/JobDetail/Client-Success-Specialist-Dedicated-UK-I-/10720,  Dublin
Client Success Specialist  Shared (German), https://www.indeed.jobs/career/JobDetail/Client-Success-Specialist-Shared-German-/10753,  Dublin
Client Success Specialist  Shared (Spanish and Portuguese), https://www.indeed.jobs/career/JobDetail/Client-Success-Specialist-Shared-Spanish-and-Portuguese-/11308,  Dublin
Client Success Specialist  Shared (UK/I), https://www.indeed.jobs/career/JobDetail/Client-Success-Specialist-Shared-UK-I-/10098,  Dublin
Client Success Specialist  Shared Support - Dutch/Flemish market, https://www.indeed.jobs/career/JobDetail/Client-Success-Specialist-Shared-Support-Dutch-Flemish-market/9945,  Dublin
Content Acquisition Associate  Polish (11 month FTC), https://www.indeed.jobs/career/JobDetail/Content-Acquisition-Associate-Polish-11-month-FTC-/10251,  Dublin
Content Acquisition Associate  Swedish (11 month FTC), https://www.indeed.jobs/career/JobDetail/Content-Acquisition-Associate-Swedish-11-month-FTC-/10938,  Dublin
Content Acquisition Associate  UK/I (11 month FTC), https://www.indeed.jobs/career/JobDetail/Content-Acquisition-Associate-UK-I-11-month-FTC-/7984,  Dublin
Content Acquisition Lead (Dutch) - BPO management, https://www.indeed.jobs/career/JobDetail/Content-Acquisition-Lead-Dutch-BPO-management/8985,  Dublin
Content Localization Specialist (Dutch), https://www.indeed.jobs/career/JobDetail/Content-Localization-Specialist-Dutch-/10550,  Dublin
Content Localization Specialist (French), https://www.indeed.jobs/career/JobDetail/Content-Localization-Specialist-French-/10551,  Dublin
Content Localization Specialist (German), https://www.indeed.jobs/career/JobDetail/Content-Localization-Specialist-German-/10549,  Dublin
Director of Sales (French Market), https://www.indeed.jobs/career/JobDetail/Director-of-Sales-French-Market-/10762,  Dublin
Event Services Coordinator, https://www.indeed.jobs/career/JobDetail/Event-Services-Coordinator/10812,  Dublin
International Contracts Analyst, https://www.indeed.jobs/career/JobDetail/International-Contracts-Analyst/9390,  Dublin
International Search Quality Operations Analyst, https://www.indeed.jobs/career/JobDetail/International-Search-Quality-Operations-Analyst/9316,  Dublin
IT Support Manager  EMEA, https://www.indeed.jobs/career/JobDetail/IT-Support-Manager-EMEA/10526,  Dublin
IT Support Specialist, https://www.indeed.jobs/career/JobDetail/IT-Support-Specialist/9338,  Dublin
IT Support Specialist / ITサポート, https://www.indeed.jobs/career/JobDetail/IT-Support-Specialist-IT-/8885,  Tokyo Sales/CS
Japan Copywriter, https://www.indeed.jobs/career/JobDetail/Japan-Copywriter/8041,  Tokyo Tech Meguro
Learning Experience Facilitator, https://www.indeed.jobs/career/JobDetail/Learning-Experience-Facilitator/10013,  Tokyo Tech Ebisu
Manager  Global Infrastructure (APAC), https://www.indeed.jobs/career/JobDetail/Manager-Global-Infrastructure-APAC-/9314,  Tokyo Tech Ebisu
Manager  Product Science, https://www.indeed.jobs/career/JobDetail/Manager-Product-Science/7640,  Tokyo Tech Ebisu
Manager  Site Reliability Engineering, https://www.indeed.jobs/career/JobDetail/Manager-Site-Reliability-Engineering/6407,  Tokyo Tech Ebisu
Manager  UX Design, https://www.indeed.jobs/career/JobDetail/Manager-UX-Design/6363,  Tokyo Tech Ebisu
Marketing Research/ マーケティングリサーチ, https://www.indeed.jobs/career/JobDetail/Marketing-Research-/3121,  Tokyo Sales/CS
MySQL Database Administrator (DBA) / データベースアドミニストレータ, https://www.indeed.jobs/career/JobDetail/MySQL-Database-Administrator-DBA-/6204,  Tokyo Tech Ebisu
Physical Security Engineer (APAC), https://www.indeed.jobs/career/JobDetail/Physical-Security-Engineer-APAC-/9369,  Tokyo Tech Ebisu
Program Manager, https://www.indeed.jobs/career/JobDetail/Program-Manager/6816,  Tokyo Tech Ebisu
Quality Assurance Engineer, https://www.indeed.jobs/career/JobDetail/Quality-Assurance-Engineer/11412,  Tokyo Tech Ebisu
Quality Assurance Engineering Manager, https://www.indeed.jobs/career/JobDetail/Quality-Assurance-Engineering-Manager/7606,  Tokyo Tech Ebisu
Sales Strategy Manager (Bilingual), https://www.indeed.jobs/career/JobDetail/Sales-Strategy-Manager-Bilingual-/8412,  Tokyo Sales/CS
Sales Support Specialist, https://www.indeed.jobs/career/JobDetail/Sales-Support-Specialist/11110,  Tokyo Sales/CS
Senior Manager  Data Science, https://www.indeed.jobs/career/JobDetail/Senior-Manager-Data-Science/4427,  Tokyo Tech Ebisu
Senior Manager  Quality Assurance Engineering, https://www.indeed.jobs/career/JobDetail/Senior-Manager-Quality-Assurance-Engineering/6528,  Tokyo Tech Ebisu
Senior Software Engineer - Job Recommendations, https://www.indeed.jobs/career/JobDetail/Senior-Software-Engineer-Job-Recommendations/9263,  Tokyo Tech Ebisu
Senior Software Engineer - Search, https://www.indeed.jobs/career/JobDetail/Senior-Software-Engineer-Search/5351,  Tokyo Tech Ebisu
Senior System Engineer, https://www.indeed.jobs/career/JobDetail/Senior-System-Engineer/6819,  Tokyo Tech Ebisu
Software Engineer - Open Source, https://www.indeed.jobs/career/JobDetail/Software-Engineer-Open-Source/10102,  San Francisco
Software Engineer Content Developer - Remote - Remote, https://www.indeed.jobs/career/JobDetail/Software-Engineer-Content-Developer-Remote/8171,  US
Software Engineer  Site Reliability Engineer, https://www.indeed.jobs/career/JobDetail/Software-Engineer-Site-Reliability-Engineer/6619,  San Francisco
Sr. UX Designer  Native Apps, https://www.indeed.jobs/career/JobDetail/Sr-UX-Designer-Native-Apps/8870,  San Francisco
Technical Product Manager, https://www.indeed.jobs/career/JobDetail/Technical-Product-Manager/8683,  San Francisco
Technical Recruiter, https://www.indeed.jobs/career/JobDetail/Technical-Recruiter/10047,  San Francisco
Technical Sourcer, https://www.indeed.jobs/career/JobDetail/Technical-Sourcer/6986,  San Francisco
Technical Writer, https://www.indeed.jobs/career/JobDetail/Technical-Writer/7081,  San Francisco
Front End Software Engineer, https://www.indeed.jobs/career/JobDetail/Front-End-Software-Engineer/7972,  Austin
Global Mobility Specialist, https://www.indeed.jobs/career/JobDetail/Global-Mobility-Specialist/11326,  Austin
Head of Global Program Management, https://www.indeed.jobs/career/JobDetail/Head-of-Global-Program-Management/9443,  Austin
HR Generalist, https://www.indeed.jobs/career/JobDetail/HR-Generalist/10461,  Austin
HRIS Analyst, https://www.indeed.jobs/career/JobDetail/HRIS-Analyst/10226,  Austin
Instructional Designer, https://www.indeed.jobs/career/JobDetail/Instructional-Designer/9796,  Austin
International Business Operations Associate - Sales/Marketing Collateral - Austin, https://www.indeed.jobs/career/JobDetail/International-Business-Operations-Associate-Sales-Marketing-Collateral/11044,  Downtown
International Operations Analyst - Dutch-Speaking Markets, https://www.indeed.jobs/career/JobDetail/International-Operations-Analyst-Dutch-Speaking-Markets/6863,  Austin
International Operations Analyst - German-Speaking Markets, https://www.indeed.jobs/career/JobDetail/International-Operations-Analyst-German-Speaking-Markets/816,  Austin
International Operations Analyst - Poland, https://www.indeed.jobs/career/JobDetail/International-Operations-Analyst-Poland/4026,  Austin
International Operations Analyst - South Africa, https://www.indeed.jobs/career/JobDetail/International-Operations-Analyst-South-Africa/10650,  Austin
International Operations Analyst - Spain, https://www.indeed.jobs/career/JobDetail/International-Operations-Analyst-Spain/10029,  Austin
International Operations Analyst - Ukraine and Russia, https://www.indeed.jobs/career/JobDetail/International-Operations-Analyst-Ukraine-and-Russia/5589,  Austin
International Operations Analyst- Australia/New Zealand, https://www.indeed.jobs/career/JobDetail/International-Operations-Analyst-Australia-New-Zealand/9719,  Austin
International Operations Analyst- Israel and the Middle East (Hebrew), https://www.indeed.jobs/career/JobDetail/International-Operations-Analyst-Israel-and-the-Middle-East-Hebrew-/9562,  Austin
International Operations Analyst- Middle East (Arabic), https://www.indeed.jobs/career/JobDetail/International-Operations-Analyst-Middle-East-Arabic-/9584,  Austin
International Operations Manager- France, https://www.indeed.jobs/career/JobDetail/International-Operations-Manager-France/5561,  Austin
International Search Quality Operation Analyst - Nordic  African and European Markets, https://www.indeed.jobs/career/JobDetail/International-Search-Quality-Operation-Analyst-Nordic-African-and-European-Markets/9322,  Austin
International Search Quality Operations Analyst - Australian Market, https://www.indeed.jobs/career/JobDetail/International-Search-Quality-Operations-Analyst-Australian-Market/9830,  Austin
International Search Quality Operations Analyst - Portuguese, https://www.indeed.jobs/career/JobDetail/International-Search-Quality-Operations-Analyst-Portuguese/11003,  Austin
Software Engineer  Site Reliability Engineering (SRE) / サイト信頼性エンジニア, https://www.indeed.jobs/career/JobDetail/Software-Engineer-Site-Reliability-Engineering-SRE-/4591,  Tokyo Tech Ebisu
Sourcing Manager  Talent Attraction, https://www.indeed.jobs/career/JobDetail/Sourcing-Manager-Talent-Attraction/8415,  Tokyo Sales/CS
Systems Engineer  Site Reliability Engineering (SRE) / サイト信頼性エンジニア, https://www.indeed.jobs/career/JobDetail/Systems-Engineer-Site-Reliability-Engineering-SRE-/6408,  Tokyo Tech Ebisu
Technical Recruiter, https://www.indeed.jobs/career/JobDetail/Technical-Recruiter/7002,  Tokyo Tech Ebisu
Technical Sourcer, https://www.indeed.jobs/career/JobDetail/Technical-Sourcer/9848,  Tokyo Tech Ebisu
Technical Writer / テクニカルライター, https://www.indeed.jobs/career/JobDetail/Technical-Writer-/6839,  Tokyo Tech Ebisu
User Experience (UX) Designer, https://www.indeed.jobs/career/JobDetail/User-Experience-UX-Designer/5858,  Tokyo Tech Ebisu
User Experience (UX) Researcher, https://www.indeed.jobs/career/JobDetail/User-Experience-UX-Researcher/5456,  Tokyo Tech Ebisu
営業ディレクター (Director of Sales), https://www.indeed.jobs/career/JobDetail/-Director-of-Sales-/4770,  Tokyo Sales/CS
法人営業（Web広告提案営業）, https://www.indeed.jobs/career/JobDetail/-Web-/10564,  Tokyo Sales/CS
法人営業（インサイドセールス / 内勤営業）, https://www.indeed.jobs/career/JobDetail/-/10562,  Tokyo Sales/CS
Lead Sales Strategist, https://www.indeed.jobs/career/JobDetail/Lead-Sales-Strategist/9410,  Dublin
Manager  Regional Sales Support, https://www.indeed.jobs/career/JobDetail/Manager-Regional-Sales-Support/10797,  Dublin
Partner Manager, https://www.indeed.jobs/career/JobDetail/Partner-Manager/10261,  Dublin
Program Manager, https://www.indeed.jobs/career/JobDetail/Program-Manager/10983,  Dublin
Project Manager  Sales Support, https://www.indeed.jobs/career/JobDetail/Project-Manager-Sales-Support/10701,  Dublin
Real Estate IT Project Manager, https://www.indeed.jobs/career/JobDetail/Real-Estate-IT-Project-Manager/10434,  Dublin
Recruiter, https://www.indeed.jobs/career/JobDetail/Recruiter/7010,  Dublin
Sales Executive, https://www.indeed.jobs/career/JobDetail/Sales-Executive/6157,  Dublin
Sales Support Specialist (German), https://www.indeed.jobs/career/JobDetail/Sales-Support-Specialist-German-/10770,  Dublin
Sales Support Specialist  Dutch, https://www.indeed.jobs/career/JobDetail/Sales-Support-Specialist-Dutch/10214,  Dublin
Sales Support Specialist  UK, https://www.indeed.jobs/career/JobDetail/Sales-Support-Specialist-UK/10140,  Dublin
Sales Training Manager- Enterprise Sales, https://www.indeed.jobs/career/JobDetail/Sales-Training-Manager-Enterprise-Sales/8494,  Dublin
Sales Training Manager- Inside Sales, https://www.indeed.jobs/career/JobDetail/Sales-Training-Manager-Inside-Sales/6337,  Dublin
Senior Data Governance Analyst, https://www.indeed.jobs/career/JobDetail/Senior-Data-Governance-Analyst/9376,  Dublin
Senior Manager  International Strategy & Operations, https://www.indeed.jobs/career/JobDetail/Senior-Manager-International-Strategy-Operations/9942,  Dublin
Senior Sales Analyst  Global Sales Strategy, https://www.indeed.jobs/career/JobDetail/Senior-Sales-Analyst-Global-Sales-Strategy/10923,  Dublin
Site Reliability Engineering Manager, https://www.indeed.jobs/career/JobDetail/Site-Reliability-Engineering-Manager/5698,  Dublin
Sourcing Manager  Talent Attraction, https://www.indeed.jobs/career/JobDetail/Sourcing-Manager-Talent-Attraction/8414,  Dublin
Strategy and Operations Associate, https://www.indeed.jobs/career/JobDetail/Strategy-and-Operations-Associate/10100,  Dublin
Team Lead  International Search Quality, https://www.indeed.jobs/career/JobDetail/Team-Lead-International-Search-Quality/11346,  Dublin
International Taxonomy Analyst - German, https://www.indeed.jobs/career/JobDetail/International-Taxonomy-Analyst-German/7877,  Austin
International Taxonomy Analyst - India, https://www.indeed.jobs/career/JobDetail/International-Taxonomy-Analyst-India/10386,  Austin
International Taxonomy Analyst - Japan, https://www.indeed.jobs/career/JobDetail/International-Taxonomy-Analyst-Japan/9277,  Austin
IT AV Specialist, https://www.indeed.jobs/career/JobDetail/IT-AV-Specialist/10843,  Austin
IT Compliance Analyst, https://www.indeed.jobs/career/JobDetail/IT-Compliance-Analyst/9223,  Austin
Java Manager - Remote - Remote, https://www.indeed.jobs/career/JobDetail/Java-Manager-Remote/10199,  US
Legal Analyst - Immigration & HR, https://www.indeed.jobs/career/JobDetail/Legal-Analyst-Immigration-HR/11238,  Austin
Legal Analyst  Compliance, https://www.indeed.jobs/career/JobDetail/Legal-Analyst-Compliance/11062,  Austin
Linux Systems Engineer - Production Operations, https://www.indeed.jobs/career/JobDetail/Linux-Systems-Engineer-Production-Operations/9315,  Austin
Manager - Data Governance, https://www.indeed.jobs/career/JobDetail/Manager-Data-Governance/4548,  Austin
Manager  Client Success - Bilingual in Spanish/English - Austin, https://www.indeed.jobs/career/JobDetail/Manager-Client-Success-Bilingual-in-Spanish-English/11278,  Downtown
Manager  Global Indirect Procurement, https://www.indeed.jobs/career/JobDetail/Manager-Global-Indirect-Procurement/10802,  Austin
Marketing Content Operations Associate - Austin, https://www.indeed.jobs/career/JobDetail/Marketing-Content-Operations-Associate/10453,  Downtown
Marketing Manager  International Lifecycle, https://www.indeed.jobs/career/JobDetail/Marketing-Manager-International-Lifecycle/10811,  Austin
Marketing Manager  Jobseeker Experience, https://www.indeed.jobs/career/JobDetail/Marketing-Manager-Jobseeker-Experience/9141,  Austin
Marketing Manager  SMB Experience, https://www.indeed.jobs/career/JobDetail/Marketing-Manager-SMB-Experience/10809,  Austin
Marketing Research Manager  NPS, https://www.indeed.jobs/career/JobDetail/Marketing-Research-Manager-NPS/11320,  Austin
Natural Language Processing Software Engineer - Search, https://www.indeed.jobs/career/JobDetail/Natural-Language-Processing-Software-Engineer-Search/7865,  Austin
Network Engineer, https://www.indeed.jobs/career/JobDetail/Network-Engineer/10805,  Austin
Network Engineering Manager, https://www.indeed.jobs/career/JobDetail/Network-Engineering-Manager/9932,  Austin
Telecom Specialist, https://www.indeed.jobs/career/JobDetail/Telecom-Specialist/10283,  Dublin
Tradeshow Manager  Global Events, https://www.indeed.jobs/career/JobDetail/Tradeshow-Manager-Global-Events/10599,  Dublin
VP Country Marketing Strategy, https://www.indeed.jobs/career/JobDetail/VP-Country-Marketing-Strategy/9944,  Dublin
Workplace Strategist, https://www.indeed.jobs/career/JobDetail/Workplace-Strategist/10897,  Dublin
New Product Sales Specialist-Labs, https://www.indeed.jobs/career/JobDetail/New-Product-Sales-Specialist-Labs/10816,  Austin
Ontologist, https://www.indeed.jobs/career/JobDetail/Ontologist/9190,  Austin
Operations Manager - Search Quality Data and Measurement, https://www.indeed.jobs/career/JobDetail/Operations-Manager-Search-Quality-Data-and-Measurement/9138,  Austin
Partner Operations Analyst, https://www.indeed.jobs/career/JobDetail/Partner-Operations-Analyst/11130,  Austin
Procurement Contracts Specialist, https://www.indeed.jobs/career/JobDetail/Procurement-Contracts-Specialist/10717,  Austin
Producer  Global Product Marketing, https://www.indeed.jobs/career/JobDetail/Producer-Global-Product-Marketing/9718,  Austin
Product Director - Getting Jobs, https://www.indeed.jobs/career/JobDetail/Product-Director-Getting-Jobs/10065,  Austin
Product Manager, https://www.indeed.jobs/career/JobDetail/Product-Manager/8673,  Austin
Product Manager  Business Automation, https://www.indeed.jobs/career/JobDetail/Product-Manager-Business-Automation/8674,  Austin
Program Manager - Assessments, https://www.indeed.jobs/career/JobDetail/Program-Manager-Assessments/9630,  Austin
Program Manager  Incubator, https://www.indeed.jobs/career/JobDetail/Program-Manager-Incubator/9594,  Austin
Program Manager  Legal, https://www.indeed.jobs/career/JobDetail/Program-Manager-Legal/9827,  Austin
QA Automation Engineer, https://www.indeed.jobs/career/JobDetail/QA-Automation-Engineer/7971,  Austin
Quality Assurance Manager, https://www.indeed.jobs/career/JobDetail/Quality-Assurance-Manager/7812,  Austin
Real Estate Construction Manager, https://www.indeed.jobs/career/JobDetail/Real-Estate-Construction-Manager/8913,  Austin
Recruitment Evangelist  Central (Majors Team), https://www.indeed.jobs/career/JobDetail/Recruitment-Evangelist-Central-Majors-Team-/11260,  Austin
Salesforce Developer, https://www.indeed.jobs/career/JobDetail/Salesforce-Developer/9521,  Austin
Salesforce Success Manager, https://www.indeed.jobs/career/JobDetail/Salesforce-Success-Manager/10989,  Austin
Scaled Operations Team Lead, https://www.indeed.jobs/career/JobDetail/Scaled-Operations-Team-Lead/10360,  Austin
Search Quality Risk and Fraud Analyst, https://www.indeed.jobs/career/JobDetail/Search-Quality-Risk-and-Fraud-Analyst/8406,  Austin
Search Quality Visibility Analyst, https://www.indeed.jobs/career/JobDetail/Search-Quality-Visibility-Analyst/8862,  Austin
Security Engineer, https://www.indeed.jobs/career/JobDetail/Security-Engineer/9111,  Austin
Security Engineering Manager, https://www.indeed.jobs/career/JobDetail/Security-Engineering-Manager/9356,  Austin
Senior Client Success Specialist  National Accounts - Austin, https://www.indeed.jobs/career/JobDetail/Senior-Client-Success-Specialist-National-Accounts/10403,  Downtown
Senior Creative Lead, https://www.indeed.jobs/career/JobDetail/Senior-Creative-Lead/11035,  Austin
Senior CRM Analyst (Salesforce), https://www.indeed.jobs/career/JobDetail/Senior-CRM-Analyst-Salesforce-/10977,  Austin
Senior Director  Global Brand Strategy & Insights, https://www.indeed.jobs/career/JobDetail/Senior-Director-Global-Brand-Strategy-Insights/11183,  Austin
Senior Financial Modeling Analyst  FP&A, https://www.indeed.jobs/career/JobDetail/Senior-Financial-Modeling-Analyst-FP-A/10967,  Austin
Senior Java Engineer - Remote - Remote, https://www.indeed.jobs/career/JobDetail/Senior-Java-Engineer-Remote/10224,  US
Senior Manager  Product Marketing, https://www.indeed.jobs/career/JobDetail/Senior-Manager-Product-Marketing/9709,  Austin
Senior Manager  Technology Services, https://www.indeed.jobs/career/JobDetail/Senior-Manager-Technology-Services/9842,  Austin
Senior React/JS Engineer - Remote - Remote, https://www.indeed.jobs/career/JobDetail/Senior-React-JS-Engineer-Remote/10414,  US
Senior Ruby on Rails Engineer - Remote - Remote, https://www.indeed.jobs/career/JobDetail/Senior-Ruby-on-Rails-Engineer-Remote/9412,  US
Senior Sales and Use Tax Analyst, https://www.indeed.jobs/career/JobDetail/Senior-Sales-and-Use-Tax-Analyst/11323,  Austin
Senior Software Engineer, https://www.indeed.jobs/career/JobDetail/Senior-Software-Engineer/6167,  Austin
Senior Software Engineer - Backend (SMB), https://www.indeed.jobs/career/JobDetail/Senior-Software-Engineer-Backend-SMB-/820,  Austin
Senior Software Engineer - Financial Systems, https://www.indeed.jobs/career/JobDetail/Senior-Software-Engineer-Financial-Systems/10222,  Austin
Senior Software Engineer - Platform Engineer (SMB), https://www.indeed.jobs/career/JobDetail/Senior-Software-Engineer-Platform-Engineer-SMB-/980,  Austin
Senior Taxonomy Analyst, https://www.indeed.jobs/career/JobDetail/Senior-Taxonomy-Analyst/6827,  Austin
Senior UX Designer - Assessments, https://www.indeed.jobs/career/JobDetail/Senior-UX-Designer-Assessments/8141,  Austin
Senior UX Researcher, https://www.indeed.jobs/career/JobDetail/Senior-UX-Researcher/7841,  Austin
Senior Voice of Customer Specialist, https://www.indeed.jobs/career/JobDetail/Senior-Voice-of-Customer-Specialist/10520,  Austin
Software Engineer - Infrastructure and Tools, https://www.indeed.jobs/career/JobDetail/Software-Engineer-Infrastructure-and-Tools/9716,  Austin
Software Engineer Content Developer - Remote - Remote, https://www.indeed.jobs/career/JobDetail/Software-Engineer-Content-Developer-Remote/8171,  US
Software Engineer  Site Reliability Engineer, https://www.indeed.jobs/career/JobDetail/Software-Engineer-Site-Reliability-Engineer/6174,  Austin
Software Engineering Manager, https://www.indeed.jobs/career/JobDetail/Software-Engineering-Manager/6240,  Austin
Sourcer, https://www.indeed.jobs/career/JobDetail/Sourcer/9262,  Austin
Sr Application Security Engineer, https://www.indeed.jobs/career/JobDetail/Sr-Application-Security-Engineer/5362,  Austin
Sr. Diversity Sourcer, https://www.indeed.jobs/career/JobDetail/Sr-Diversity-Sourcer/9281,  Austin
Sr. UX Designer  Search Experience, https://www.indeed.jobs/career/JobDetail/Sr-UX-Designer-Search-Experience/10144,  Austin
Strategy Analyst, https://www.indeed.jobs/career/JobDetail/Strategy-Analyst/11367,  Austin
Strategy Analyst Search Quality Operations, https://www.indeed.jobs/career/JobDetail/Strategy-Analyst-Search-Quality-Operations/9833,  Austin
Subpoenas / Employment Counsel, https://www.indeed.jobs/career/JobDetail/Subpoenas-Employment-Counsel/11119,  Austin
TA Operations Program Specialist - Austin, https://www.indeed.jobs/career/JobDetail/TA-Operations-Program-Specialist/11122,  Downtown
Technical Product Manager, https://www.indeed.jobs/career/JobDetail/Technical-Product-Manager/8675,  Austin
Technical Program Manager, https://www.indeed.jobs/career/JobDetail/Technical-Program-Manager/10583,  Austin
Technical Sourcer, https://www.indeed.jobs/career/JobDetail/Technical-Sourcer/6984,  Austin
Technical Writer, https://www.indeed.jobs/career/JobDetail/Technical-Writer/11092,  Austin
Travel Coordinator, https://www.indeed.jobs/career/JobDetail/Travel-Coordinator/11397,  Austin
UX Designer, https://www.indeed.jobs/career/JobDetail/UX-Designer/8869,  Austin
UX Designer - Internal Tools, https://www.indeed.jobs/career/JobDetail/UX-Designer-Internal-Tools/8722,  Austin
UX Designer  Employer, https://www.indeed.jobs/career/JobDetail/UX-Designer-Employer/9909,  Austin
UX Research Operations Manager, https://www.indeed.jobs/career/JobDetail/UX-Research-Operations-Manager/10238,  Austin
UX Researcher - Assessments, https://www.indeed.jobs/career/JobDetail/UX-Researcher-Assessments/9679,  Austin
VP of Experience, https://www.indeed.jobs/career/JobDetail/VP-of-Experience/10066,  Austin
Web Producer  Wordpress, https://www.indeed.jobs/career/JobDetail/Web-Producer-Wordpress/11211,  Austin
Workday Integrations Developer, https://www.indeed.jobs/career/JobDetail/Workday-Integrations-Developer/10942,  Austin
Workday Security Lead, https://www.indeed.jobs/career/JobDetail/Workday-Security-Lead/10254,  Austin
